,StartTimeStr
0,2025-06-03 00:16:00
2,2025-06-03 02:19:00
3,2025-07-03 00:08:00
6,2025-07-03 01:20:00
7,2025-07-03 01:50:00
10,2025-05-03 16:44:00
15,2025-05-03 16:45:00
16,2025-05-03 16:45:00
17,2025-05-03 16:45:00
18,2025-05-03 16:45:00
30,2025-05-03 16:45:00
31,2025-05-03 16:45:00
32,2025-05-03 16:45:00
33,2025-05-03 16:45:00
35,2025-05-03 16:46:00
46,2025-05-03 16:46:00
47,2025-05-03 16:46:00
48,2025-05-03 16:46:00
60,2025-05-03 16:46:00
81,2025-05-03 16:47:00
96,2025-05-03 16:48:00
97,2025-05-03 16:48:00
107,2025-05-03 16:48:00
117,2025-05-03 16:49:00
118,2025-05-03 16:49:00
124,2025-05-03 16:49:00
131,2025-05-03 16:50:00
132,2025-05-03 16:50:00
155,2025-05-03 16:51:00
165,2025-05-03 16:51:00
166,2025-05-03 16:51:00
167,2025-05-03 16:52:00
186,2025-05-03 16:53:00
187,2025-05-03 16:53:00
208,2025-05-03 16:54:00
235,2025-05-03 16:55:00
236,2025-05-03 16:55:00
242,2025-05-03 16:55:00
246,2025-05-03 16:55:00
275,2025-05-03 16:56:00
292,2025-05-03 16:57:00
294,2025-05-03 16:57:00
305,2025-05-03 16:58:00
306,2025-05-03 16:58:00
316,2025-05-03 16:58:00
319,2025-05-03 16:58:00
335,2025-05-03 16:59:00
339,2025-05-03 16:59:00
344,2025-05-03 17:00:00
345,2025-05-03 17:00:00
356,2025-05-03 17:00:00
369,2025-05-03 17:01:00
371,2025-05-03 17:01:00
373,2025-05-03 17:01:00
388,2025-05-03 17:02:00
389,2025-05-03 17:02:00
390,2025-05-03 17:02:00
432,2025-05-03 17:04:00
433,2025-05-03 17:04:00
434,2025-05-03 17:04:00
440,2025-05-03 17:04:00
451,2025-05-03 17:04:00
452,2025-05-03 17:04:00
453,2025-05-03 17:04:00
460,2025-05-03 17:05:00
461,2025-05-03 17:05:00
472,2025-05-03 17:06:00
478,2025-05-03 17:06:00
480,2025-05-03 17:06:00
496,2025-05-03 17:07:00
521,2025-05-03 17:08:00
522,2025-05-03 17:08:00
528,2025-05-03 17:09:00
531,2025-05-03 17:09:00
542,2025-05-03 17:09:00
543,2025-05-03 17:09:00
566,2025-05-03 17:11:00
577,2025-05-03 17:11:00
586,2025-05-03 17:12:00
587,2025-05-03 17:12:00
588,2025-05-03 17:12:00
602,2025-05-03 17:12:00
616,2025-05-03 17:13:00
629,2025-05-03 17:14:00
647,2025-05-03 17:15:00
657,2025-05-03 17:15:00
670,2025-05-03 17:15:00
673,2025-05-03 17:16:00
684,2025-05-03 17:16:00
685,2025-05-03 17:16:00
694,2025-05-03 17:16:00
696,2025-05-03 17:17:00
704,2025-05-03 17:17:00
705,2025-05-03 17:17:00
714,2025-05-03 17:18:00
730,2025-05-03 17:18:00
741,2025-05-03 17:19:00
751,2025-05-03 17:20:00
766,2025-05-03 17:20:00
770,2025-05-03 17:20:00
